dataset,num_components,train_size,test_size,vector_size,g_mean,kappa
ACTIVITY-D1.arff,15,20,50,2,0.889211218067206,0.779628626324653
ACTIVITY-D1.arff,15,20,50,3,0.879393549711191,0.773863399513103
ACTIVITY-D1.arff,15,20,50,4,0.877126844731172,0.776959144640896
ACTIVITY-D1.arff,15,20,50,5,0.876648218378148,0.771171528213595
ACTIVITY-D1.arff,15,20,50,6,0.891901007720021,0.783719490603012
ACTIVITY-D1.arff,15,20,100,2,0.873086240212251,0.76827561477454
ACTIVITY-D1.arff,15,20,100,3,0.890595201905673,0.785255421009015
ACTIVITY-D1.arff,15,20,100,4,0.880485476536184,0.774138106629148
ACTIVITY-D1.arff,15,20,100,5,0.894053004129798,0.791524760057522
ACTIVITY-D1.arff,15,20,100,6,0.88214692457889,0.780049306640057
ACTIVITY-D1.arff,15,20,200,2,0.879820797486139,0.774652566367146
ACTIVITY-D1.arff,15,20,200,3,0.885743640340547,0.776200698403685
ACTIVITY-D1.arff,15,20,200,4,0.885330394449104,0.774005570409123
ACTIVITY-D1.arff,15,20,200,5,0.872087034072139,0.767159395835769
ACTIVITY-D1.arff,15,20,200,6,0.879139323962971,0.773595531616338
ACTIVITY-D1.arff,15,50,50,2,0.87398577233353,0.765672594124649
ACTIVITY-D1.arff,15,50,50,3,0.886277438072251,0.77653706145793
ACTIVITY-D1.arff,15,50,50,4,0.877358603429699,0.771250171971344
ACTIVITY-D1.arff,15,50,50,5,0.892750436523492,0.783835719101433
ACTIVITY-D1.arff,15,50,50,6,0.886782211861138,0.776495400068092
ACTIVITY-D1.arff,15,50,100,2,0.881431191324507,0.770632735683103
ACTIVITY-D1.arff,15,50,100,3,0.899064441112741,0.795226755705202
ACTIVITY-D1.arff,15,50,100,4,0.879852672075791,0.772667986016519
ACTIVITY-D1.arff,15,50,100,5,0.880460391676803,0.774875934986382
ACTIVITY-D1.arff,15,50,100,6,0.902102614823855,0.797609195610476
ACTIVITY-D1.arff,15,50,200,2,0.892497991613793,0.776562974387206
ACTIVITY-D1.arff,15,50,200,3,0.894090667283862,0.785571905770322
ACTIVITY-D1.arff,15,50,200,4,0.883231886578949,0.776396390678171
ACTIVITY-D1.arff,15,50,200,5,0.886840372110117,0.77050443266205
ACTIVITY-D1.arff,15,50,200,6,0.885939029248343,0.764524865455001
ACTIVITY-D1.arff,15,100,50,2,0.88221503916175,0.775153240380553
ACTIVITY-D1.arff,15,100,50,3,0.881917970014028,0.764370489912519
ACTIVITY-D1.arff,15,100,50,4,0.886443203253913,0.776576370155726
ACTIVITY-D1.arff,15,100,50,5,0.889571211045836,0.78095759073256
ACTIVITY-D1.arff,15,100,50,6,0.887788396245931,0.771595980073971
ACTIVITY-D1.arff,15,100,100,2,0.886618916049678,0.778160042706897
ACTIVITY-D1.arff,15,100,100,3,0.881008036055284,0.768300553692477
ACTIVITY-D1.arff,15,100,100,4,0.879631896732503,0.769161317674149
ACTIVITY-D1.arff,15,100,100,5,0.890973375681037,0.770107000828804
ACTIVITY-D1.arff,15,100,100,6,0.892368432102567,0.783984525191512
ACTIVITY-D1.arff,15,100,200,2,0.879083125172252,0.764739473669372
ACTIVITY-D1.arff,15,100,200,3,0.883265939588727,0.774884649049105
ACTIVITY-D1.arff,15,100,200,4,0.876567677698848,0.768220545200518
ACTIVITY-D1.arff,15,100,200,5,0.890596547786466,0.782709411438863
ACTIVITY-D1.arff,15,100,200,6,0.889798589984973,0.777846610136902
DJ30-D1.arff,15,20,50,2,0.988701872157822,0.980055105833803
DJ30-D1.arff,15,20,50,3,0.989624121619152,0.98140962937937
DJ30-D1.arff,15,20,50,4,0.98718291520003,0.978397564446348
DJ30-D1.arff,15,20,50,5,0.989949471949114,0.982484493024337
DJ30-D1.arff,15,20,50,6,0.990056453782001,0.981770801245094
DJ30-D1.arff,15,20,100,2,0.988436878675782,0.979663246359776
DJ30-D1.arff,15,20,100,3,0.988828546860579,0.980328843451206
DJ30-D1.arff,15,20,100,4,0.98714376698622,0.977510724917339
DJ30-D1.arff,15,20,100,5,0.988500583319668,0.9799489358132
DJ30-D1.arff,15,20,100,6,0.988450258010044,0.979344896431914
DJ30-D1.arff,15,20,200,2,0.984917306944591,0.974678119350092
DJ30-D1.arff,15,20,200,3,0.988950989445002,0.981006245546553
DJ30-D1.arff,15,20,200,4,0.988775267862129,0.980367662561311
DJ30-D1.arff,15,20,200,5,0.988598117095599,0.979966554672099
DJ30-D1.arff,15,20,200,6,0.98912339394477,0.980828436384596
DJ30-D1.arff,15,50,50,2,0.98315002806755,0.972037524878998
DJ30-D1.arff,15,50,50,3,0.984068687623226,0.972881014785738
DJ30-D1.arff,15,50,50,4,0.987325684736928,0.976818649169485
DJ30-D1.arff,15,50,50,5,0.983419668521975,0.972008186983752
DJ30-D1.arff,15,50,50,6,0.985987372246325,0.975118695607069
DJ30-D1.arff,15,50,100,2,0.981164849281,0.96810743620067
DJ30-D1.arff,15,50,100,3,0.980391061027823,0.966219016995566
DJ30-D1.arff,15,50,100,4,0.983322555723465,0.971847200168392
DJ30-D1.arff,15,50,100,5,0.980387094721593,0.968415865919693
DJ30-D1.arff,15,50,100,6,0.983958445064144,0.972326617971913
DJ30-D1.arff,15,50,200,2,0.984442645948529,0.974039953536306
DJ30-D1.arff,15,50,200,3,0.981213626090632,0.968985643076914
DJ30-D1.arff,15,50,200,4,0.983825649867922,0.972562267783134
DJ30-D1.arff,15,50,200,5,0.98180279002579,0.969870908270529
DJ30-D1.arff,15,50,200,6,0.985713450861824,0.975021834969957
DJ30-D1.arff,15,100,50,2,0.983281819784598,0.971490154755594
DJ30-D1.arff,15,100,50,3,0.985981421292815,0.974749688266689
DJ30-D1.arff,15,100,50,4,0.977697866404052,0.961431640502445
DJ30-D1.arff,15,100,50,5,0.980720212061823,0.966519955722069
DJ30-D1.arff,15,100,50,6,0.980105072844763,0.965242998118796
DJ30-D1.arff,15,100,100,2,0.987197081117035,0.976761823796855
DJ30-D1.arff,15,100,100,3,0.981283506244567,0.968210402370146
DJ30-D1.arff,15,100,100,4,0.978623726187966,0.964134519797672
DJ30-D1.arff,15,100,100,5,0.983646823722546,0.972503159421827
DJ30-D1.arff,15,100,100,6,0.97897730067974,0.965343862193118
DJ30-D1.arff,15,100,200,2,0.979769622575943,0.966056743929984
DJ30-D1.arff,15,100,200,3,0.972562017737264,0.954984786260114
DJ30-D1.arff,15,100,200,4,0.978631057660264,0.964112840836703
DJ30-D1.arff,15,100,200,5,0.982146368022687,0.970092918969603
DJ30-D1.arff,15,100,200,6,0.982202409490737,0.969695809298463
GAS-D1.arff,15,20,50,2,0.784873177662205,0.823946184799955
GAS-D1.arff,15,20,50,3,0.79245120152714,0.794978930000887
GAS-D1.arff,15,20,50,4,0.791737526143935,0.823970365498919
GAS-D1.arff,15,20,50,5,0.807223706866513,0.84659253993913
GAS-D1.arff,15,20,50,6,0.805762757822047,0.838478954737078
GAS-D1.arff,15,20,100,2,0.803472938087649,0.772979905079799
GAS-D1.arff,15,20,100,3,0.797307964812481,0.801208708813312
GAS-D1.arff,15,20,100,4,0.802047181145589,0.846077763538893
GAS-D1.arff,15,20,100,5,0.805466358103872,0.832091012525396
GAS-D1.arff,15,20,100,6,0.803809906614621,0.790570392148009
GAS-D1.arff,15,20,200,2,0.8059987758957,0.806343566897464
GAS-D1.arff,15,20,200,3,0.810530134224952,0.843304522282032
GAS-D1.arff,15,20,200,4,0.801410577409887,0.833413222046377
GAS-D1.arff,15,20,200,5,0.80170427189951,0.828561109593429
GAS-D1.arff,15,20,200,6,0.800637539340032,0.818880773462241
GAS-D1.arff,15,50,50,2,0.807347988186535,0.840004800339187
GAS-D1.arff,15,50,50,3,0.802998365219807,0.830266405179326
GAS-D1.arff,15,50,50,4,0.798283525797291,0.827827424252341
GAS-D1.arff,15,50,50,5,0.806861646225703,0.832110549455152
GAS-D1.arff,15,50,50,6,0.803194369860963,0.797168668199198
GAS-D1.arff,15,50,100,2,0.80364410872599,0.835484731317749
GAS-D1.arff,15,50,100,3,0.814720188313107,0.849240028584993
GAS-D1.arff,15,50,100,4,0.814720344094604,0.848574056129702
GAS-D1.arff,15,50,100,5,0.808177916687415,0.833147878140843
GAS-D1.arff,15,50,100,6,0.802193004979255,0.827857058936672
GAS-D1.arff,15,50,200,2,0.818090396806642,0.847355047203085
GAS-D1.arff,15,50,200,3,0.803241974631709,0.802879141892165
GAS-D1.arff,15,50,200,4,0.808384319395698,0.820886367694988
GAS-D1.arff,15,50,200,5,0.809499270223475,0.846658608523697
GAS-D1.arff,15,50,200,6,0.813227745303024,0.841219648052389
GAS-D1.arff,15,100,50,2,0.814584373280239,0.846944398369355
GAS-D1.arff,15,100,50,3,0.804299962604615,0.793559478631686
GAS-D1.arff,15,100,50,4,0.811393788403368,0.841017398469058
GAS-D1.arff,15,100,50,5,0.81481718961414,0.847421972147727
GAS-D1.arff,15,100,50,6,0.814161557292434,0.804510607131106
GAS-D1.arff,15,100,100,2,0.814118539620427,0.810820454973141
GAS-D1.arff,15,100,100,3,0.804373483625565,0.762442059313234
GAS-D1.arff,15,100,100,4,0.813274449537557,0.806052936508097
GAS-D1.arff,15,100,100,5,0.807725423020421,0.812922044282462
GAS-D1.arff,15,100,100,6,0.81457130790816,0.780522188273403
GAS-D1.arff,15,100,200,2,0.811766885948959,0.828833499974181
GAS-D1.arff,15,100,200,3,0.804588709805777,0.829702921379138
GAS-D1.arff,15,100,200,4,0.813735165308456,0.814074892274926
GAS-D1.arff,15,100,200,5,0.808481271674985,0.826419199100369
GAS-D1.arff,15,100,200,6,0.811473697795563,0.843751767606388
TAGS-D1.arff,15,20,50,2,0.701734037487511,0.465865141406541
TAGS-D1.arff,15,20,50,3,0.701343197848658,0.467981131581696
TAGS-D1.arff,15,20,50,4,0.699864932119697,0.46466259645599
TAGS-D1.arff,15,20,50,5,0.699159312738185,0.465239055867213
TAGS-D1.arff,15,20,50,6,0.703179678553618,0.468635184063765
TAGS-D1.arff,15,20,100,2,0.693994339593348,0.458029241204757
TAGS-D1.arff,15,20,100,3,0.689824073456668,0.456154513237581
TAGS-D1.arff,15,20,100,4,0.690491920118488,0.45673726825268
TAGS-D1.arff,15,20,100,5,0.691920971591464,0.455442987131587
TAGS-D1.arff,15,20,100,6,0.687373192151438,0.454940285920257
TAGS-D1.arff,15,20,200,2,0.682178193208509,0.44749897396133
TAGS-D1.arff,15,20,200,3,0.678546934474131,0.447375667013747
TAGS-D1.arff,15,20,200,4,0.680982653082931,0.446508272125515
TAGS-D1.arff,15,20,200,5,0.686654583125424,0.452300660193389
TAGS-D1.arff,15,20,200,6,0.676290705198992,0.440320662321704
TAGS-D1.arff,15,50,50,2,0.710668275030723,0.441416273915643
TAGS-D1.arff,15,50,50,3,0.707133753425452,0.440381656410256
TAGS-D1.arff,15,50,50,4,0.711549110407739,0.442837518289302
TAGS-D1.arff,15,50,50,5,0.70543725829819,0.435359283314553
TAGS-D1.arff,15,50,50,6,0.70996235815729,0.439926886029091
TAGS-D1.arff,15,50,100,2,0.695002774029899,0.428771695379731
TAGS-D1.arff,15,50,100,3,0.703436841749179,0.434705477645401
TAGS-D1.arff,15,50,100,4,0.699164416844981,0.428439821825095
TAGS-D1.arff,15,50,100,5,0.702003795851625,0.429901295826384
TAGS-D1.arff,15,50,100,6,0.700566799662091,0.4342838269851
TAGS-D1.arff,15,50,200,2,0.685215258775266,0.414604888137183
TAGS-D1.arff,15,50,200,3,0.688961183136967,0.419579073573438
TAGS-D1.arff,15,50,200,4,0.682507264930326,0.412227494349567
TAGS-D1.arff,15,50,200,5,0.686391227831528,0.414421330047772
TAGS-D1.arff,15,50,200,6,0.683627322422916,0.412640403812397
TAGS-D1.arff,15,100,50,2,0.706894911564569,0.409622828738562
TAGS-D1.arff,15,100,50,3,0.708597735243587,0.412175707628105
TAGS-D1.arff,15,100,50,4,0.710787015212767,0.411957287223141
TAGS-D1.arff,15,100,50,5,0.711193283062798,0.415146924653683
TAGS-D1.arff,15,100,50,6,0.706904310894123,0.41085264849406
TAGS-D1.arff,15,100,100,2,0.70228210197869,0.405003210459973
TAGS-D1.arff,15,100,100,3,0.700633370749132,0.405202910507119
TAGS-D1.arff,15,100,100,4,0.699027313895916,0.404480246966931
TAGS-D1.arff,15,100,100,5,0.702560575304288,0.405450439021247
TAGS-D1.arff,15,100,100,6,0.699593233366852,0.404408723485607
TAGS-D1.arff,15,100,200,2,0.692284523631195,0.393281952733223
TAGS-D1.arff,15,100,200,3,0.690768991402774,0.394511313544288
TAGS-D1.arff,15,100,200,4,0.688493984684727,0.392265455680717
TAGS-D1.arff,15,100,200,5,0.688060310302826,0.390857802433627
TAGS-D1.arff,15,100,200,6,0.687787933806503,0.391008120456149
ACTIVITY-D1.arff,10,20,50,2,0.889782447157302,0.782859936281115
ACTIVITY-D1.arff,10,20,50,3,0.887163694780746,0.778267757582785
ACTIVITY-D1.arff,10,20,50,4,0.868968212089996,0.762225673726289
ACTIVITY-D1.arff,10,20,50,5,0.879584606639203,0.777363357076103
ACTIVITY-D1.arff,10,20,50,6,0.871874006844035,0.765904760457832
ACTIVITY-D1.arff,10,20,100,2,0.883405649942761,0.784016074760963
ACTIVITY-D1.arff,10,20,100,3,0.884659394710867,0.77544715454558
ACTIVITY-D1.arff,10,20,100,4,0.871504922522379,0.76859955620114
ACTIVITY-D1.arff,10,20,100,5,0.874882963519606,0.773792808798829
ACTIVITY-D1.arff,10,20,100,6,0.878911380885544,0.775454927171626
ACTIVITY-D1.arff,10,20,200,2,0.892316641493205,0.789125219215167
ACTIVITY-D1.arff,10,20,200,3,0.888668809158945,0.786457178770681
ACTIVITY-D1.arff,10,20,200,4,0.887854666366898,0.783261102126596
ACTIVITY-D1.arff,10,20,200,5,0.885186178897696,0.782929069164062
ACTIVITY-D1.arff,10,20,200,6,0.886594462493827,0.777807783582715
ACTIVITY-D1.arff,10,50,50,2,0.881596253529678,0.772384003147712
ACTIVITY-D1.arff,10,50,50,3,0.898153291514241,0.787497942934706
ACTIVITY-D1.arff,10,50,50,4,0.871501915961806,0.764553543929937
ACTIVITY-D1.arff,10,50,50,5,0.873595366065354,0.765483798555677
ACTIVITY-D1.arff,10,50,50,6,0.892456661415331,0.794848963384103
ACTIVITY-D1.arff,10,50,100,2,0.892097134766313,0.788419987238693
ACTIVITY-D1.arff,10,50,100,3,0.882072331543747,0.780779804368023
ACTIVITY-D1.arff,10,50,100,4,0.884331808308156,0.778041159039476
ACTIVITY-D1.arff,10,50,100,5,0.885046796228467,0.783834397958345
ACTIVITY-D1.arff,10,50,100,6,0.893644423355858,0.782964714902828
ACTIVITY-D1.arff,10,50,200,2,0.876004126928717,0.768024486461339
ACTIVITY-D1.arff,10,50,200,3,0.882030418588481,0.775701118167748
ACTIVITY-D1.arff,10,50,200,4,0.882005354440244,0.773558084410923
ACTIVITY-D1.arff,10,50,200,5,0.883091518489659,0.770649226139438
ACTIVITY-D1.arff,10,50,200,6,0.884192521296483,0.776215391374662
ACTIVITY-D1.arff,10,100,50,2,0.886256039167293,0.778134088312182
ACTIVITY-D1.arff,10,100,50,3,0.891303751156411,0.777383543372519
ACTIVITY-D1.arff,10,100,50,4,0.887789051568652,0.776326846744225
ACTIVITY-D1.arff,10,100,50,5,0.884558394667595,0.774724556613709
ACTIVITY-D1.arff,10,100,50,6,0.875541575527981,0.771153104721363
ACTIVITY-D1.arff,10,100,100,2,0.881570645753789,0.768662576887235
ACTIVITY-D1.arff,10,100,100,3,0.886732583520265,0.785902862609155
ACTIVITY-D1.arff,10,100,100,4,0.880002702300515,0.771058148015167
ACTIVITY-D1.arff,10,100,100,5,0.875992786348813,0.757920355791126
ACTIVITY-D1.arff,10,100,100,6,0.892734533693151,0.779759381190238
ACTIVITY-D1.arff,10,100,200,2,0.888437744546823,0.780838392187978
ACTIVITY-D1.arff,10,100,200,3,0.892923918457576,0.781724571076158
ACTIVITY-D1.arff,10,100,200,4,0.892489257219896,0.783467161964851
ACTIVITY-D1.arff,10,100,200,5,0.890649319815288,0.777252894103934
ACTIVITY-D1.arff,10,100,200,6,0.88989148411516,0.77005952808255
DJ30-D1.arff,10,20,50,2,0.989537034638429,0.982164754429222
DJ30-D1.arff,10,20,50,3,0.990232202615999,0.982326334188007
DJ30-D1.arff,10,20,50,4,0.990786207271125,0.983320671079129
DJ30-D1.arff,10,20,50,5,0.990647862477258,0.983046442546136
DJ30-D1.arff,10,20,50,6,0.991353709890658,0.984581588391941
DJ30-D1.arff,10,20,100,2,0.989979166169858,0.982512962089721
DJ30-D1.arff,10,20,100,3,0.988861811810433,0.980969976565043
DJ30-D1.arff,10,20,100,4,0.990404873867335,0.982821595719626
DJ30-D1.arff,10,20,100,5,0.991659264869147,0.984631944655459
DJ30-D1.arff,10,20,100,6,0.990009357420193,0.981624105398751
DJ30-D1.arff,10,20,200,2,0.989161859159882,0.979844474080414
DJ30-D1.arff,10,20,200,3,0.990738915559459,0.983354902279293
DJ30-D1.arff,10,20,200,4,0.991161699645571,0.984092606268187
DJ30-D1.arff,10,20,200,5,0.990468109957876,0.983190446198249
DJ30-D1.arff,10,20,200,6,0.991866086564833,0.98484748372483
DJ30-D1.arff,10,50,50,2,0.984975067343353,0.97456791341314
DJ30-D1.arff,10,50,50,3,0.985538116499454,0.975698388018926
DJ30-D1.arff,10,50,50,4,0.987799037731434,0.978774818464405
DJ30-D1.arff,10,50,50,5,0.989785969334796,0.981301147341443
DJ30-D1.arff,10,50,50,6,0.98857181017447,0.979743341742915
DJ30-D1.arff,10,50,100,2,0.983491865541304,0.972156828457573
DJ30-D1.arff,10,50,100,3,0.98848863033018,0.979732578558467
DJ30-D1.arff,10,50,100,4,0.989949272112214,0.981837314365432
DJ30-D1.arff,10,50,100,5,0.9847151281178,0.974649503904988
DJ30-D1.arff,10,50,100,6,0.98661739294401,0.976968578227558
DJ30-D1.arff,10,50,200,2,0.985330531631763,0.975381095271179
DJ30-D1.arff,10,50,200,3,0.987657706369107,0.978210168584659
DJ30-D1.arff,10,50,200,4,0.990031440126305,0.982132177999476
DJ30-D1.arff,10,50,200,5,0.985359601650811,0.975709706455199
DJ30-D1.arff,10,50,200,6,0.988908448794688,0.980766173936785
DJ30-D1.arff,10,100,50,2,0.984573658478901,0.972455806077846
DJ30-D1.arff,10,100,50,3,0.986128919606636,0.974888540198315
DJ30-D1.arff,10,100,50,4,0.98683176101732,0.976489567305352
DJ30-D1.arff,10,100,50,5,0.981241532461808,0.969389035049833
DJ30-D1.arff,10,100,50,6,0.98921542678848,0.979009357972531
DJ30-D1.arff,10,100,100,2,0.986979810953614,0.976592319637832
DJ30-D1.arff,10,100,100,3,0.982279398798946,0.969640909463186
DJ30-D1.arff,10,100,100,4,0.98631872393244,0.975553758664352
DJ30-D1.arff,10,100,100,5,0.984268712945876,0.972688939244945
DJ30-D1.arff,10,100,100,6,0.983498167420794,0.971624183778829
DJ30-D1.arff,10,100,200,2,0.987163218845875,0.976750524645618
DJ30-D1.arff,10,100,200,3,0.987313030035465,0.976713598847797
DJ30-D1.arff,10,100,200,4,0.982399568484355,0.96988662376777
DJ30-D1.arff,10,100,200,5,0.984574397777779,0.972983750014141
DJ30-D1.arff,10,100,200,6,0.985592441570016,0.973853750476543
GAS-D1.arff,10,20,50,2,0.796900350437337,0.807841265558241
GAS-D1.arff,10,20,50,3,0.80347882684503,0.84249810874323
GAS-D1.arff,10,20,50,4,0.798587137761062,0.846555739294189
GAS-D1.arff,10,20,50,5,0.816106411678071,0.855378398224785
GAS-D1.arff,10,20,50,6,0.805832106792937,0.839686261810475
GAS-D1.arff,10,20,100,2,0.794825717900454,0.830581137911726
GAS-D1.arff,10,20,100,3,0.799458822852316,0.830188413311106
GAS-D1.arff,10,20,100,4,0.812683899785162,0.849193412272355
GAS-D1.arff,10,20,100,5,0.816987982198781,0.857466892760725
GAS-D1.arff,10,20,100,6,0.79731698151847,0.831742656396119
GAS-D1.arff,10,20,200,2,0.807334612804572,0.810383309456108
GAS-D1.arff,10,20,200,3,0.805453720064594,0.842350582532166
GAS-D1.arff,10,20,200,4,0.807853211112915,0.843966653764753
GAS-D1.arff,10,20,200,5,0.814623321106163,0.816969731273715
GAS-D1.arff,10,20,200,6,0.804264855747568,0.83290047306519
GAS-D1.arff,10,50,50,2,0.802821189916576,0.823466940212474
GAS-D1.arff,10,50,50,3,0.790003332093095,0.823586141582022
GAS-D1.arff,10,50,50,4,0.808376181537446,0.802933603037667
GAS-D1.arff,10,50,50,5,0.808556776269685,0.846192275900919
GAS-D1.arff,10,50,50,6,0.79962020034804,0.818238418170917
GAS-D1.arff,10,50,100,2,0.805709247681694,0.834978523373443
GAS-D1.arff,10,50,100,3,0.811411466102847,0.844329223701086
GAS-D1.arff,10,50,100,4,0.811897724606483,0.84119613151549
GAS-D1.arff,10,50,100,5,0.797197144417271,0.801646861674055
GAS-D1.arff,10,50,100,6,0.812266942577896,0.813545895526575
GAS-D1.arff,10,50,200,2,0.808002385572929,0.843016127003633
GAS-D1.arff,10,50,200,3,0.802292157586903,0.836745365282121
GAS-D1.arff,10,50,200,4,0.797911180827675,0.826558912684536
GAS-D1.arff,10,50,200,5,0.808380738283631,0.842700158675615
GAS-D1.arff,10,50,200,6,0.803921103359761,0.828911226949862
GAS-D1.arff,10,100,50,2,0.801464698372681,0.822274122136565
GAS-D1.arff,10,100,50,3,0.810551947670873,0.842800991731737
GAS-D1.arff,10,100,50,4,0.817905750111745,0.844273694004492
GAS-D1.arff,10,100,50,5,0.808561271180497,0.847374984072382
GAS-D1.arff,10,100,50,6,0.806193010859334,0.833290342274176
GAS-D1.arff,10,100,100,2,0.808357836931149,0.843847724881813
GAS-D1.arff,10,100,100,3,0.812536024265738,0.842910490099317
GAS-D1.arff,10,100,100,4,0.813164955605346,0.842234007062504
GAS-D1.arff,10,100,100,5,0.802374463224184,0.873706379777851
GAS-D1.arff,10,100,100,6,0.802618425434357,0.827177245635675
GAS-D1.arff,10,100,200,2,0.813344589264842,0.844265487381863
GAS-D1.arff,10,100,200,3,0.815911297216509,0.849586448728679
GAS-D1.arff,10,100,200,4,0.819894597530087,0.856004654901307
GAS-D1.arff,10,100,200,5,0.81125238657077,0.8286784896607
GAS-D1.arff,10,100,200,6,0.809594738750118,0.845847009865571
TAGS-D1.arff,10,20,50,2,0.701267440562743,0.46855984562291
TAGS-D1.arff,10,20,50,3,0.706175915030733,0.470848331946261
TAGS-D1.arff,10,20,50,4,0.702732788573569,0.466112879876004
TAGS-D1.arff,10,20,50,5,0.705000262633356,0.471512327476794
TAGS-D1.arff,10,20,50,6,0.70380865609624,0.469684541083274
TAGS-D1.arff,10,20,100,2,0.69807366552906,0.459873135619497
TAGS-D1.arff,10,20,100,3,0.696522288776197,0.460720849427182
TAGS-D1.arff,10,20,100,4,0.697397626755151,0.46174749316101
TAGS-D1.arff,10,20,100,5,0.697094560117117,0.460022061240835
TAGS-D1.arff,10,20,100,6,0.697862679222274,0.461065991330731
TAGS-D1.arff,10,20,200,2,0.693916878427179,0.454807620947539
TAGS-D1.arff,10,20,200,3,0.691129063062214,0.449837003642357
TAGS-D1.arff,10,20,200,4,0.691747404691527,0.451322776926167
TAGS-D1.arff,10,20,200,5,0.688845221592903,0.451999729184516
TAGS-D1.arff,10,20,200,6,0.686725566633787,0.449702086749892
TAGS-D1.arff,10,50,50,2,0.7091823057515,0.440606984849665
TAGS-D1.arff,10,50,50,3,0.708560605664885,0.437714269372796
TAGS-D1.arff,10,50,50,4,0.711004161710713,0.442915418822961
TAGS-D1.arff,10,50,50,5,0.70754959281021,0.439273474778924
TAGS-D1.arff,10,50,50,6,0.715585145369601,0.443974009373979
TAGS-D1.arff,10,50,100,2,0.702478897251876,0.431517065574283
TAGS-D1.arff,10,50,100,3,0.702285733224017,0.430392036522036
TAGS-D1.arff,10,50,100,4,0.701305230919232,0.429053907054966
TAGS-D1.arff,10,50,100,5,0.702353000194462,0.431641548072401
TAGS-D1.arff,10,50,100,6,0.701015093744082,0.428696150932482
TAGS-D1.arff,10,50,200,2,0.691321162001858,0.417339097898595
TAGS-D1.arff,10,50,200,3,0.689003677428454,0.416394097076681
TAGS-D1.arff,10,50,200,4,0.688175432682058,0.415247645542738
TAGS-D1.arff,10,50,200,5,0.688501299447586,0.414421880921544
TAGS-D1.arff,10,50,200,6,0.690996401762944,0.417643598912797
TAGS-D1.arff,10,100,50,2,0.705808802222068,0.408471040426861
TAGS-D1.arff,10,100,50,3,0.708953840144376,0.408875872800587
TAGS-D1.arff,10,100,50,4,0.709374991990128,0.413972648401858
TAGS-D1.arff,10,100,50,5,0.710288651531247,0.412729922654401
TAGS-D1.arff,10,100,50,6,0.712964607617663,0.41574861484904
TAGS-D1.arff,10,100,100,2,0.703609088977418,0.405902246259932
TAGS-D1.arff,10,100,100,3,0.70368258009699,0.404643151280693
TAGS-D1.arff,10,100,100,4,0.699256901032327,0.399961417801626
TAGS-D1.arff,10,100,100,5,0.70256103299571,0.405397259480772
TAGS-D1.arff,10,100,100,6,0.701251397297665,0.402815608725168
TAGS-D1.arff,10,100,200,2,0.693690609688825,0.395071282607327
TAGS-D1.arff,10,100,200,3,0.690696238261181,0.390415571997881
TAGS-D1.arff,10,100,200,4,0.693997384747862,0.396116745007875
TAGS-D1.arff,10,100,200,5,0.690170510984603,0.389411964836383
TAGS-D1.arff,10,100,200,6,0.693328916546489,0.394326268731584
ACTIVITY-D1.arff,5,20,50,2,0.863655360980954,0.746820658338296
DJ30-D1.arff,5,20,50,2,0.992669633209324,0.986363516259161
GAS-D1.arff,5,20,50,2,0.810408307042157,0.842745220410594
TAGS-D1.arff,5,20,50,2,0.707854816565533,0.45554187527176
ACTIVITY-D1.arff,5,20,50,3,0.84628866294376,0.742000334161496
DJ30-D1.arff,5,20,50,3,0.991481080509506,0.984142354051196
GAS-D1.arff,5,20,50,3,0.785042161185024,0.7477797341171
TAGS-D1.arff,5,20,50,3,0.711700232446954,0.461450080423252
ACTIVITY-D1.arff,5,20,50,4,0.865062662455774,0.754439571040372
DJ30-D1.arff,5,20,50,4,0.991433501715209,0.983724578241896
GAS-D1.arff,5,20,50,4,0.8063354053834,0.845327588258567
TAGS-D1.arff,5,20,50,4,0.707899815770549,0.459550410734111
ACTIVITY-D1.arff,5,20,50,5,0.875475166911955,0.75822188562046
DJ30-D1.arff,5,20,50,5,0.992621573263058,0.985842653586021
GAS-D1.arff,5,20,50,5,0.806926162700539,0.83607226090223
TAGS-D1.arff,5,20,50,5,0.708157181261796,0.458484129318683
ACTIVITY-D1.arff,5,20,50,6,0.845054643153217,0.748043763694159
DJ30-D1.arff,5,20,50,6,0.992743267844995,0.9864565972343
GAS-D1.arff,5,20,50,6,0.801296409018033,0.806996121424524
TAGS-D1.arff,5,20,50,6,0.707405076811905,0.459150025514773
ACTIVITY-D1.arff,5,20,100,2,0.866617149357409,0.752318037193773
DJ30-D1.arff,5,20,100,2,0.992078306261606,0.985515747985879
GAS-D1.arff,5,20,100,2,0.804645974310891,0.78943655263703
TAGS-D1.arff,5,20,100,2,0.714513054571045,0.46189258670103
ACTIVITY-D1.arff,5,20,100,3,0.859907426825941,0.745610714428826
DJ30-D1.arff,5,20,100,3,0.991853260775628,0.984818770142478
GAS-D1.arff,5,20,100,3,0.8064552188241,0.807704990032737
TAGS-D1.arff,5,20,100,3,0.698485212546944,0.450682832407338
ACTIVITY-D1.arff,5,20,100,4,0.879543455341802,0.761649359653178
DJ30-D1.arff,5,20,100,4,0.991692051579102,0.98459134806978
GAS-D1.arff,5,20,100,4,0.805165900349202,0.858226226108877
TAGS-D1.arff,5,20,100,4,0.70262229395802,0.452450165808346
ACTIVITY-D1.arff,5,20,100,5,0.882144319625925,0.770812924667238
DJ30-D1.arff,5,20,100,5,0.991783417119705,0.984887775821074
GAS-D1.arff,5,20,100,5,0.800536670951453,0.802763906727437
TAGS-D1.arff,5,20,100,5,0.702712149413623,0.455787683178575
ACTIVITY-D1.arff,5,20,100,6,0.889481365836811,0.779830712979292
DJ30-D1.arff,5,20,100,6,0.991757762062251,0.984170414866786
GAS-D1.arff,5,20,100,6,0.808356274858443,0.83478406434757
TAGS-D1.arff,5,20,100,6,0.702674395292317,0.4537831826907
ACTIVITY-D1.arff,5,20,200,2,0.835610917914331,0.729023327641612
DJ30-D1.arff,5,20,200,2,0.9912531567622,0.983313955761236
GAS-D1.arff,5,20,200,2,0.791065161885393,0.789537762419291
TAGS-D1.arff,5,20,200,2,0.696897207366999,0.444760871968926
ACTIVITY-D1.arff,5,20,200,3,0.858730796680407,0.740134886727343
DJ30-D1.arff,5,20,200,3,0.990525374635657,0.982127030660575
GAS-D1.arff,5,20,200,3,0.809665891053722,0.835817211891909
TAGS-D1.arff,5,20,200,3,0.696404251475719,0.447440704643851
ACTIVITY-D1.arff,5,20,200,4,0.882114290825825,0.758504685237742
DJ30-D1.arff,5,20,200,4,0.991136242100806,0.983661204505033
GAS-D1.arff,5,20,200,4,0.797492607532424,0.830512402026129
TAGS-D1.arff,5,20,200,4,0.699504006729507,0.452307130564994
ACTIVITY-D1.arff,5,20,200,5,0.878065330267604,0.770977812265796
DJ30-D1.arff,5,20,200,5,0.991252773073719,0.984145042000054
GAS-D1.arff,5,20,200,5,0.803722943410491,0.84192583451507
TAGS-D1.arff,5,20,200,5,0.704283411270156,0.451294276457896
ACTIVITY-D1.arff,5,20,200,6,0.875943441356088,0.748765357367914
DJ30-D1.arff,5,20,200,6,0.989841344456395,0.981798503384121
GAS-D1.arff,5,20,200,6,0.806033104206824,0.794953201554614
TAGS-D1.arff,5,20,200,6,0.696640938006837,0.444975902468241
ACTIVITY-D1.arff,5,50,50,2,0.869945699067695,0.747135104387089
DJ30-D1.arff,5,50,50,2,0.990074740340997,0.981074553475646
GAS-D1.arff,5,50,50,2,0.800615191684086,0.795678018615409
TAGS-D1.arff,5,50,50,2,0.712932429021027,0.429139801360908
ACTIVITY-D1.arff,5,50,50,3,0.882240721007738,0.757948253487589
DJ30-D1.arff,5,50,50,3,0.991184974292911,0.983074829350916
GAS-D1.arff,5,50,50,3,0.805830404172287,0.827455489718843
TAGS-D1.arff,5,50,50,3,0.711043542646586,0.426225352529651
ACTIVITY-D1.arff,5,50,50,4,0.873086623145675,0.751963218794544
DJ30-D1.arff,5,50,50,4,0.990827457157019,0.982847032650576
GAS-D1.arff,5,50,50,4,0.802761798920851,0.825428984642935
TAGS-D1.arff,5,50,50,4,0.709020083197628,0.425601373653165
ACTIVITY-D1.arff,5,50,50,5,0.871188410150422,0.747528217238916
DJ30-D1.arff,5,50,50,5,0.990601984773457,0.982251732058697
GAS-D1.arff,5,50,50,5,0.802965679245596,0.785498851933443
TAGS-D1.arff,5,50,50,5,0.708815673311379,0.42797514454361
ACTIVITY-D1.arff,5,50,50,6,0.887398504906916,0.77032408366823
DJ30-D1.arff,5,50,50,6,0.989713092420078,0.980826973421671
GAS-D1.arff,5,50,50,6,0.811093826097979,0.824756107528223
TAGS-D1.arff,5,50,50,6,0.711860925944737,0.42876136009301
ACTIVITY-D1.arff,5,50,100,2,0.875812091923171,0.755856954026406
DJ30-D1.arff,5,50,100,2,0.991815654226068,0.983834738652371
GAS-D1.arff,5,50,100,2,0.808597146921452,0.839562269012378
TAGS-D1.arff,5,50,100,2,0.703929764661362,0.418755725754171
ACTIVITY-D1.arff,5,50,100,3,0.886482388021647,0.757843264530972
DJ30-D1.arff,5,50,100,3,0.99031178805999,0.98182935293598
GAS-D1.arff,5,50,100,3,0.799786837069927,0.79785036760438
TAGS-D1.arff,5,50,100,3,0.701569581027498,0.416841811168939
ACTIVITY-D1.arff,5,50,100,4,0.881038804634214,0.760015487701083
DJ30-D1.arff,5,50,100,4,0.986768079500446,0.976650226099269
GAS-D1.arff,5,50,100,4,0.790830889904079,0.807256952029282
TAGS-D1.arff,5,50,100,4,0.70032601057817,0.415851634517787
ACTIVITY-D1.arff,5,50,100,5,0.877475481698061,0.758886652842624
DJ30-D1.arff,5,50,100,5,0.990366757207513,0.981975177549437
GAS-D1.arff,5,50,100,5,0.810955104426765,0.839293188997389
TAGS-D1.arff,5,50,100,5,0.701780314125581,0.422468343364355
ACTIVITY-D1.arff,5,50,100,6,0.873873336714103,0.756819787881595
DJ30-D1.arff,5,50,100,6,0.990533658792435,0.982489755054727
GAS-D1.arff,5,50,100,6,0.809957991194858,0.804294009639296
TAGS-D1.arff,5,50,100,6,0.707096064468338,0.423987677115982
ACTIVITY-D1.arff,5,50,200,2,0.891723358444488,0.7593904365627
DJ30-D1.arff,5,50,200,2,0.989372250662576,0.979285317561669
GAS-D1.arff,5,50,200,2,0.815726385899597,0.842172724237359
TAGS-D1.arff,5,50,200,2,0.691430471412094,0.406973066317249
ACTIVITY-D1.arff,5,50,200,3,0.874181995807483,0.749888343987208
DJ30-D1.arff,5,50,200,3,0.985104170409953,0.974530466352223
GAS-D1.arff,5,50,200,3,0.796842957026492,0.810397817760308
TAGS-D1.arff,5,50,200,3,0.694994716255114,0.407801282406296
ACTIVITY-D1.arff,5,50,200,4,0.875535662412542,0.753342123597069
DJ30-D1.arff,5,50,200,4,0.988895442954939,0.979253803841762
GAS-D1.arff,5,50,200,4,0.802948615180925,0.819754336870584
TAGS-D1.arff,5,50,200,4,0.693935926879798,0.410989788040717
ACTIVITY-D1.arff,5,50,200,5,0.881250574859345,0.761964073564306
DJ30-D1.arff,5,50,200,5,0.988416940788324,0.979012951333056
GAS-D1.arff,5,50,200,5,0.809168021687593,0.821691358931598
TAGS-D1.arff,5,50,200,5,0.698374150756646,0.411271411622638
ACTIVITY-D1.arff,5,50,200,6,0.863940861280288,0.739680163761318
DJ30-D1.arff,5,50,200,6,0.988683832053596,0.978833816899291
GAS-D1.arff,5,50,200,6,0.815725767069831,0.835960524877341
TAGS-D1.arff,5,50,200,6,0.687475923237819,0.404161797044697
ACTIVITY-D1.arff,5,100,50,2,0.865085958513441,0.745093497560021
DJ30-D1.arff,5,100,50,2,0.987366689777721,0.975937753171376
GAS-D1.arff,5,100,50,2,0.79470785254056,0.779757024970241
TAGS-D1.arff,5,100,50,2,0.709405147712964,0.398729872767195
ACTIVITY-D1.arff,5,100,50,3,0.881285565772914,0.749816790753202
DJ30-D1.arff,5,100,50,3,0.987337700810523,0.975840396291203
GAS-D1.arff,5,100,50,3,0.809985448077518,0.799724815516666
TAGS-D1.arff,5,100,50,3,0.706153413540169,0.396602558907946
ACTIVITY-D1.arff,5,100,50,4,0.875495262194395,0.748901585892958
DJ30-D1.arff,5,100,50,4,0.988748003183407,0.977198725059933
GAS-D1.arff,5,100,50,4,0.807193944305112,0.828648716044516
TAGS-D1.arff,5,100,50,4,0.703932028341516,0.400526170803168
ACTIVITY-D1.arff,5,100,50,5,0.88528692149731,0.764104461601342
DJ30-D1.arff,5,100,50,5,0.989253366768889,0.977948522261587
GAS-D1.arff,5,100,50,5,0.816265557961848,0.840699923345212
TAGS-D1.arff,5,100,50,5,0.706276828752317,0.397226154458465
ACTIVITY-D1.arff,5,100,50,6,0.883597104955211,0.752800038676367
DJ30-D1.arff,5,100,50,6,0.988844957781319,0.97757128847215
GAS-D1.arff,5,100,50,6,0.809487536072014,0.830565458364918
TAGS-D1.arff,5,100,50,6,0.708052758400453,0.401211009183865
ACTIVITY-D1.arff,5,100,100,2,0.882639908305015,0.75922707022678
DJ30-D1.arff,5,100,100,2,0.989748240323353,0.979227921192043
GAS-D1.arff,5,100,100,2,0.81525188242766,0.84628219921272
TAGS-D1.arff,5,100,100,2,0.698759878971587,0.393013941256759
ACTIVITY-D1.arff,5,100,100,3,0.887926559888644,0.769196833468428
DJ30-D1.arff,5,100,100,3,0.987396489176729,0.977117007678952
GAS-D1.arff,5,100,100,3,0.806841975123313,0.824028082989085
TAGS-D1.arff,5,100,100,3,0.70256716295552,0.3926434174345
ACTIVITY-D1.arff,5,100,100,4,0.88046810712567,0.757661899989532
DJ30-D1.arff,5,100,100,4,0.989237797361444,0.978874375501944
GAS-D1.arff,5,100,100,4,0.804053848138719,0.823050064279762
TAGS-D1.arff,5,100,100,4,0.699272462647038,0.388707123571663
ACTIVITY-D1.arff,5,100,100,5,0.877808296046177,0.76210259128431
DJ30-D1.arff,5,100,100,5,0.987130461494781,0.976234579481947
GAS-D1.arff,5,100,100,5,0.798781486401202,0.80756262564177
TAGS-D1.arff,5,100,100,5,0.703540247784944,0.393308458490189
ACTIVITY-D1.arff,5,100,100,6,0.873305459371471,0.758016372468776
DJ30-D1.arff,5,100,100,6,0.989356467849807,0.978603848848131
GAS-D1.arff,5,100,100,6,0.797414374656918,0.821049606605961
TAGS-D1.arff,5,100,100,6,0.702166529039928,0.395442492170772
ACTIVITY-D1.arff,5,100,200,2,0.86317631882852,0.735557660935177
DJ30-D1.arff,5,100,200,2,0.988628434017292,0.977750738375318
GAS-D1.arff,5,100,200,2,0.806779420283165,0.814140932724647
TAGS-D1.arff,5,100,200,2,0.695029985985469,0.384453149948841
ACTIVITY-D1.arff,5,100,200,3,0.872545550305814,0.753303520203889
DJ30-D1.arff,5,100,200,3,0.988181600256605,0.97776425151099
GAS-D1.arff,5,100,200,3,0.807760690410943,0.791457556423979
TAGS-D1.arff,5,100,200,3,0.69154207552119,0.381279494648602
ACTIVITY-D1.arff,5,100,200,4,0.882319629458083,0.760872274874225
DJ30-D1.arff,5,100,200,4,0.986999285016371,0.975810863585026
GAS-D1.arff,5,100,200,4,0.806893703479008,0.779227679212967
TAGS-D1.arff,5,100,200,4,0.695147715077061,0.384213153953057
ACTIVITY-D1.arff,5,100,200,5,0.871890360741605,0.743565373610716
DJ30-D1.arff,5,100,200,5,0.989606248729622,0.978663547646051
GAS-D1.arff,5,100,200,5,0.810337329421762,0.798361903103808
TAGS-D1.arff,5,100,200,5,0.691266127137914,0.380583407412682
ACTIVITY-D1.arff,5,100,200,6,0.846480997696951,0.741967187479218
DJ30-D1.arff,5,100,200,6,0.987099283832031,0.975713678913112
GAS-D1.arff,5,100,200,6,0.802214814107484,0.82596496322422
TAGS-D1.arff,5,100,200,6,0.690266785946088,0.378977550926311
